{
  "scopeName": "source.ocaml.ocamlbuild",
  "fileTypes": [
    "_tags"
  ],
  "patterns": [
    { "include": "#directive" }
  ],
  "repository": {
    "directive": {
      "patterns": [
        {
          "begin": "",
          "end": "(?=[:])",
          "patterns": [
            {
              "begin": "(<)",
              "end": "(>)",
              "beginCaptures": {
                "1": { "name": "keyword.other" }
              },
              "endCaptures": {
                "1": { "name": "keyword.other" }
              },
              "patterns": [
                {
                  "match": "(?<![\\-\\+])(?:(\\b[[:word:]]+\\b)|([*]+))[[:space:]]*([\\./])?",
                  "captures": {
                    "1": { "name": "string.double" },
                    "2": { "name": "constant.language" },
                    "3": { "name": "keyword.other" }
                  }
                }
              ]
            },
            {
              "match": "\\b(true)\\b",
              "name": "constant.language"
            },
            {
              "match": "\\b(and|not)\\b",
              "name": "keyword.other"
            },
            {
              "begin": "\"",
              "end": "\"",
              "applyEndPatternLast": true,
              "name": "string.double"
            }
          ]
        },
        {
          "begin": "(:)",
          "end": "$",
          "beginCaptures": {
            "1": { "name": "keyword.other" }
          },
          "patterns": [
            {
              "begin": "\\b(for-pack)\\b(\\()",
              "end": "(\\))",
              "beginCaptures": {
                "1": { "name": "variable.parameter" },
                "2": { "name": "keyword.other" }
              },
              "endCaptures": {
                "1": { "name": "keyword.other" }
              },
              "patterns": [
                {
                  "match": "(?<![\\-\\+])\\b([[:alpha:]][[:word:]]*)\\b[[:space:]]*(\\.)?",
                  "captures": {
                    "1": { "name": "entity.name.class" },
                    "2": { "name": "keyword.other" }
                  }
                }
              ]
            },
            {
              "begin": "\\b(package)\\b(\\()",
              "end": "(\\))",
              "beginCaptures": {
                "1": { "name": "storage.type" },
                "2": { "name": "keyword.other" }
              },
              "endCaptures": {
                "1": { "name": "keyword.other" }
              },
              "patterns": [
                {
                  "match": "(?<![\\-\\+])\\b([[:lower:]][[:word:]]*)\\b[[:space:]]*(\\.)?",
                  "captures": {
                    "1": { "name": "entity.name.class" },
                    "2": { "name": "keyword.other" }
                  }
                }
              ]
            },
            {
              "begin": "\\b(warn[[:word:]]*)\\b(\\()",
              "end": "(\\))",
              "beginCaptures": {
                "1": { "name": "keyword.other" },
                "2": { "name": "keyword.other" }
              },
              "endCaptures": {
                "1": { "name": "keyword.other" }
              },
              "patterns": [
                {
                  "match": "\\b([[:upper:]][[:word:]]*)\\b",
                  "name": "constant.language"
                },
                {
                  "match": "([\\-\\+])\\b(?:([[:digit:]]+)|([[:lower:]][[:word:]]*))\\b",
                  "captures": {
                    "1": { "name": "keyword.other" },
                    "2": { "name": "constant.language" },
                    "3": { "name": "variable.parameter" }
                  }
                }
              ]
            },
            {
              "match": "([\\-\\+])?\\b(?:([[:digit:]]+)|([[:lower:]][[:word:]]*))\\b",
              "captures": {
                "1": { "name": "keyword.other" },
                "2": { "name": "constant.language" },
                "3": { "name": "variable.parameter" },
                "4": { "name": "keyword.other" }
              },
              "endCaptures": {
                "1": { "name": "keyword.other" }
              }
            },
            {
              "begin": "(\\()",
              "end": "(\\))",
              "beginCaptures": {
                "1": { "name": "keyword.other" }
              },
              "endCaptures": {
                "1": { "name": "keyword.other" }
              },
              "patterns": [
                {
                  "match": "([\\-\\+])\\b(?:([[:digit:]]+)|([[:lower:]][[:word:]]*))\\b",
                  "captures": {
                    "1": { "name": "keyword.other" },
                    "2": { "name": "constant.language" },
                    "3": { "name": "variable.parameter" }
                  }
                }
              ]
            }
          ]
        }
      ]
    }
  }
}
