{
  "extends": "tslint:latest",
  "rules": {
    "arrow-parens": false,
    "curly": false,
    "max-classes-per-file": [false],
    "max-line-length": [false],
    "no-conditional-assignment": false,
    "no-empty-interface": false,
    "no-implicit-dependencies": false,
    "no-namespace": false,
    "no-shadowed-variable": false,
    "no-unused-variable": [true, { "ignore-pattern": "^_" }],
    "space-before-function-paren": false,
    "variable-name": [
      true,
      "ban-keywords",
      "check-format",
      "allow-pascal-case",
      "allow-leading-underscore"
    ]
  }
}
