{
  "let (block)": {
    "prefix": "let",
    "body": [
      "let ${1:pattern} = {",
      "\t$0",
      "};"
    ]
  },
  "function": {
    "prefix": "let",
    "body": [
      "let ${1:name} = (${2:args}) => $0;"
    ]
  },
  "function (block)": {
    "prefix": "let",
    "body": [
      "let ${1:f} = (${2:args}) => {",
      "\t$0;",
      "};"
    ]
  },
  "module (block)": {
    "prefix": "module",
    "body": [
      "module ${1:M} = {",
      "\t$0",
      "};"
    ]
  },
  "switch": {
    "prefix": "switch",
    "body": [
      "switch ${1:scrutinee} {",
      "| ${2:pattern} => ${3:${2:pattern}}",
      "};"
    ]
  }
}